coord_px,radial_profile,tangential_profile
-8.000000000000000000e+01,6.289021979307106847e+01,2.481260899972447760e+02
-7.900000000000000000e+01,6.394795405214689055e+01,2.473975580719755101e+02
-7.800000000000000000e+01,6.441085002555711014e+01,2.465003528878651196e+02
-7.700000000000000000e+01,6.473134600109985115e+01,2.453486413039339880e+02
-7.600000000000000000e+01,6.555830933477670897e+01,2.440590714743605929e+02
-7.500000000000000000e+01,6.594255922584328289e+01,2.425641720800282144e+02
-7.400000000000000000e+01,6.646853822310644944e+01,2.406492964612026242e+02
-7.300000000000000000e+01,6.716731299002060496e+01,2.382521845985676237e+02
-7.200000000000000000e+01,6.825409086519893265e+01,2.354489615279926511e+02
-7.100000000000000000e+01,6.954735676032730396e+01,2.321433327864253613e+02
-7.000000000000000000e+01,7.036272125288985535e+01,2.282447435780877356e+02
-6.900000000000000000e+01,7.082289780242567190e+01,2.228631832162356829e+02
-6.800000000000000000e+01,7.089330766761095504e+01,2.108495407817048886e+02
-6.700000000000000000e+01,7.081494721319947416e+01,1.859871411041787326e+02
-6.600000000000000000e+01,7.101130546123802390e+01,1.603432316559290030e+02
-6.500000000000000000e+01,7.101706477545262430e+01,1.369880200705720199e+02
-6.400000000000000000e+01,7.094245556614542636e+01,1.162895823194564429e+02
-6.300000000000000000e+01,7.133793461560729554e+01,9.983479167935713861e+01
-6.200000000000000000e+01,7.126686187127212690e+01,8.731041645411275454e+01
-6.100000000000000000e+01,7.118407160714501458e+01,8.051830124044397508e+01
-6.000000000000000000e+01,7.146823102669010552e+01,7.826846115189621855e+01
-5.900000000000000000e+01,7.139574492365160552e+01,7.958587342221461824e+01
-5.800000000000000000e+01,7.123739171039726159e+01,8.430934950264253303e+01
-5.700000000000000000e+01,7.161836005210997769e+01,8.966603118226248625e+01
-5.600000000000000000e+01,7.169566889643749619e+01,8.992493901326326977e+01
-5.500000000000000000e+01,7.201838792376844367e+01,8.960343196931816578e+01
-5.400000000000000000e+01,7.194499208622998765e+01,9.232622711809379723e+01
-5.300000000000000000e+01,7.152220342361295025e+01,9.115059031210769547e+01
-5.200000000000000000e+01,7.175291054630075394e+01,8.663827951885137679e+01
-5.100000000000000000e+01,7.206578291793603341e+01,8.359898046545420414e+01
-5.000000000000000000e+01,7.215827934476153871e+01,8.163629641815811055e+01
-4.900000000000000000e+01,7.221785150414805798e+01,8.049274932694449092e+01
-4.800000000000000000e+01,7.267044371901471322e+01,7.966690470893171039e+01
-4.700000000000000000e+01,7.314617621696582717e+01,7.897614816690604300e+01
-4.600000000000000000e+01,7.360161177825952450e+01,7.869477461908927296e+01
-4.500000000000000000e+01,7.394351234746829959e+01,7.852791325443230619e+01
-4.400000000000000000e+01,7.452349092958688459e+01,7.848288806828318798e+01
-4.300000000000000000e+01,7.537875069605983924e+01,7.830610956429615044e+01
-4.200000000000000000e+01,7.647819313217092940e+01,7.840481604450829423e+01
-4.100000000000000000e+01,7.816004863669041924e+01,7.891297828635482858e+01
-4.000000000000000000e+01,8.072435489064184821e+01,7.931246075148632713e+01
-3.900000000000000000e+01,8.578115176161840338e+01,8.004705805893387094e+01
-3.800000000000000000e+01,8.961202166209739062e+01,8.135517932916351924e+01
-3.700000000000000000e+01,8.299829584477136279e+01,8.328724999838902932e+01
-3.600000000000000000e+01,7.829071879741580631e+01,8.618694179932747090e+01
-3.500000000000000000e+01,7.732311502356168376e+01,9.047052002328973686e+01
-3.400000000000000000e+01,7.209882663324181351e+01,9.030670127217928211e+01
-3.300000000000000000e+01,6.682086009866645782e+01,8.582712926013915933e+01
-3.200000000000000000e+01,6.770423835016552516e+01,8.548972729855921671e+01
-3.100000000000000000e+01,7.256764322295643410e+01,8.196713674190191057e+01
-3.000000000000000000e+01,8.193763770599161944e+01,7.598379272867448719e+01
-2.900000000000000000e+01,9.665136853449179455e+01,7.430509384725927191e+01
-2.800000000000000000e+01,1.148837926924615260e+02,7.732995045943789592e+01
-2.700000000000000000e+01,1.366223381000727670e+02,8.592679865057793620e+01
-2.600000000000000000e+01,1.650642818496594089e+02,1.003960077425893047e+02
-2.500000000000000000e+01,1.996898425901141820e+02,1.196169099178240742e+02
-2.400000000000000000e+01,2.180536431646289657e+02,1.404382012709609739e+02
-2.300000000000000000e+01,2.248333778223005766e+02,1.618667271597683737e+02
-2.200000000000000000e+01,2.293177966516678055e+02,1.859339882667112249e+02
-2.100000000000000000e+01,2.328231313379168625e+02,2.120732450948769952e+02
-2.000000000000000000e+01,2.356449405946292472e+02,2.260998498058337702e+02
-1.900000000000000000e+01,2.380491332121358710e+02,2.315935106666584886e+02
-1.800000000000000000e+01,2.401045987269602335e+02,2.352233132162014613e+02
-1.700000000000000000e+01,2.418106763081059967e+02,2.383392287123098185e+02
-1.600000000000000000e+01,2.433109249193189783e+02,2.407704037095501519e+02
-1.500000000000000000e+01,2.445486295986143830e+02,2.426530713890776099e+02
-1.400000000000000000e+01,2.455810500541874148e+02,2.442819718636721404e+02
-1.300000000000000000e+01,2.464387287365477732e+02,2.456121936456016499e+02
-1.200000000000000000e+01,2.471791193746184376e+02,2.466920780571720115e+02
-1.100000000000000000e+01,2.477768029036126620e+02,2.475420660702443172e+02
-1.000000000000000000e+01,2.482653538590439553e+02,2.482565519374947485e+02
-9.000000000000000000e+00,2.487679416526094371e+02,2.489145966036233801e+02
-8.000000000000000000e+00,2.491750861995022319e+02,2.493831978582269073e+02
-7.000000000000000000e+00,2.494688138039971079e+02,2.497253800007696043e+02
-6.000000000000000000e+00,2.497638369177992104e+02,2.500184726788839953e+02
-5.000000000000000000e+00,2.500180190020546434e+02,2.502447130272646518e+02
-4.000000000000000000e+00,2.501666526977377316e+02,2.504142618544256607e+02
-3.000000000000000000e+00,2.503009343307935808e+02,2.505690856612600896e+02
-2.000000000000000000e+00,2.503955326213295223e+02,2.506625812574279450e+02
-1.000000000000000000e+00,2.504427182648512940e+02,2.506530654430018217e+02
0.000000000000000000e+00,2.505296182429229361e+02,2.506410617641840872e+02
1.000000000000000000e+00,2.505768941041498579e+02,2.506391326425800230e+02
2.000000000000000000e+00,2.505686735658182442e+02,2.505678255407395056e+02
3.000000000000000000e+00,2.504987913274005393e+02,2.504381504113648305e+02
4.000000000000000000e+00,2.503830213508819611e+02,2.503146955307399537e+02
5.000000000000000000e+00,2.502793901473021094e+02,2.501139098986058116e+02
6.000000000000000000e+00,2.501569784996379440e+02,2.497604534612740110e+02
7.000000000000000000e+00,2.499311272927448897e+02,2.493658395807417776e+02
8.000000000000000000e+00,2.496609096759326860e+02,2.488051714333660129e+02
9.000000000000000000e+00,2.493465699119258261e+02,2.482275767699395885e+02
1.000000000000000000e+01,2.489949613228894520e+02,2.475083178704456657e+02
1.100000000000000000e+01,2.485430136329694619e+02,2.466480680641453773e+02
1.200000000000000000e+01,2.479751850779374536e+02,2.455886650563654996e+02
1.300000000000000000e+01,2.472450230156421469e+02,2.443137338207094160e+02
1.400000000000000000e+01,2.463822560680117704e+02,2.428086354148693715e+02
1.500000000000000000e+01,2.453657692744474730e+02,2.409942616231377031e+02
1.600000000000000000e+01,2.442384818000371070e+02,2.387115112683826510e+02
1.700000000000000000e+01,2.428749535218626932e+02,2.359801971544797823e+02
1.800000000000000000e+01,2.412143156419955687e+02,2.327619617883985086e+02
1.900000000000000000e+01,2.391534017637305283e+02,2.289529060796672582e+02
2.000000000000000000e+01,2.367582531902988592e+02,2.242258084815465224e+02
2.100000000000000000e+01,2.339458350660262909e+02,2.151993774423522723e+02
2.200000000000000000e+01,2.303636315709738938e+02,1.914203662374959833e+02
2.300000000000000000e+01,2.259738417694188684e+02,1.639513734850701780e+02
2.400000000000000000e+01,2.179442530491360230e+02,1.411131294263599614e+02
2.500000000000000000e+01,1.961188129352415217e+02,1.198793703540235924e+02
2.600000000000000000e+01,1.638038333730272882e+02,1.020654790697678038e+02
2.700000000000000000e+01,1.376719158221453370e+02,8.809325689011048155e+01
2.800000000000000000e+01,1.164970459263106193e+02,7.999057723554015809e+01
2.900000000000000000e+01,9.920634594991146571e+01,7.732825246521259999e+01
3.000000000000000000e+01,8.675997474245249919e+01,7.902673727714731911e+01
3.100000000000000000e+01,7.969673064357618841e+01,8.380738673595256216e+01
3.200000000000000000e+01,7.686316689700632310e+01,8.812997375186783700e+01
3.300000000000000000e+01,7.700259836782569778e+01,9.018346838254061026e+01
3.400000000000000000e+01,8.061426446358547082e+01,9.027507776484986834e+01
3.500000000000000000e+01,8.509240470950508950e+01,9.220132707234783709e+01
3.600000000000000000e+01,8.700103703905271857e+01,9.152036580663013865e+01
3.700000000000000000e+01,9.029158711476085841e+01,8.692786961248356192e+01
3.800000000000000000e+01,9.535658565240611040e+01,8.365666362145104529e+01
3.900000000000000000e+01,9.414449446675160971e+01,8.151159679596530339e+01
4.000000000000000000e+01,8.893731005808001555e+01,8.047495586890968866e+01
4.100000000000000000e+01,8.459519347381876742e+01,7.981412428731260889e+01
4.200000000000000000e+01,8.155619050521374902e+01,7.905996052169280119e+01
4.300000000000000000e+01,7.934010938877382557e+01,7.869026700655918205e+01
4.400000000000000000e+01,7.831525569333598469e+01,7.860207381743346389e+01
4.500000000000000000e+01,7.755027350348973414e+01,7.845043481356350412e+01
4.600000000000000000e+01,7.700431191158513400e+01,7.835228976765765196e+01
4.700000000000000000e+01,7.654612232934675831e+01,7.840084120945924440e+01
4.800000000000000000e+01,7.634214119610233240e+01,7.881885335859108466e+01
4.900000000000000000e+01,7.619373042949874275e+01,7.923833949527424636e+01
5.000000000000000000e+01,7.615256549363178351e+01,7.993566135656661231e+01
5.100000000000000000e+01,7.625494599951493058e+01,8.106729827471886551e+01
5.200000000000000000e+01,7.609552610031508380e+01,8.286965842095294477e+01
5.300000000000000000e+01,7.598995648749733789e+01,8.571607608233161102e+01
5.400000000000000000e+01,7.600580221901357447e+01,8.965661688583402622e+01
5.500000000000000000e+01,7.587679948695914334e+01,8.996219905408223383e+01
5.600000000000000000e+01,7.588425135656585496e+01,8.677054235681983130e+01
5.700000000000000000e+01,7.598858533158160355e+01,8.569157410924711371e+01
5.800000000000000000e+01,7.607604171024429718e+01,8.281893942549191934e+01
5.900000000000000000e+01,7.641126712131138277e+01,7.703847830266792585e+01
6.000000000000000000e+01,7.645707029678058575e+01,7.445785669258201267e+01
6.100000000000000000e+01,7.656181353926558586e+01,7.673357636927801195e+01
6.200000000000000000e+01,7.676914519720206442e+01,8.467740707230531427e+01
6.300000000000000000e+01,7.709080554095939419e+01,9.836059906046544654e+01
6.400000000000000000e+01,7.794359939890875921e+01,1.170494003582555962e+02
6.500000000000000000e+01,7.870238099066220627e+01,1.372207552410048663e+02
6.600000000000000000e+01,7.941934067852311330e+01,1.584874679292654776e+02
6.700000000000000000e+01,8.138161287188879101e+01,1.825852073367294963e+02
6.800000000000000000e+01,8.676846122888959201e+01,2.084268546608760460e+02
6.900000000000000000e+01,8.908510671798272540e+01,2.241967863664360152e+02
7.000000000000000000e+01,8.361423789879631840e+01,2.306737290615842539e+02
7.100000000000000000e+01,7.755132766073479900e+01,2.345497320716324339e+02
7.200000000000000000e+01,7.253006560645158629e+01,2.377794103355373352e+02
7.300000000000000000e+01,6.894842306303075929e+01,2.403330979947402284e+02
7.400000000000000000e+01,6.452527852371156314e+01,2.423630168808961969e+02
7.500000000000000000e+01,6.225720515439337532e+01,2.439973084068244020e+02
7.600000000000000000e+01,6.830191206199836529e+01,2.453813613127202871e+02
7.700000000000000000e+01,8.738752939285960508e+01,2.464534384987084650e+02
7.800000000000000000e+01,1.166659988542858457e+02,2.473778136930906157e+02
7.900000000000000000e+01,1.442213594671882220e+02,2.481278449505938113e+02
8.000000000000000000e+01,1.806859260844719017e+02,2.487758997548590401e+02
